register_id,file_server_timestamp,feed_name
206,2018-02-02 01:00:00,38
214,2018-02-03 02:00:00,35
213,2018-02-04 02:45:00,31
207,2018-02-05 03:30:00,36
214,2018-02-06 04:15:00,43
208,2018-02-07 05:00:00,30
210,2018-02-08 05:45:00,40
215,2018-02-09 06:30:00,41
210,2018-02-10 07:15:00,35
212,2018-02-11 22:00:00,43
210,2018-02-12 08:45:00,26
212,2018-02-13 09:30:00,43
206,2018-02-14 10:15:00,38
211,2018-02-15 11:00:00,25
209,2018-02-16 00:10:00,11
204,2018-02-17 12:30:00,29
214,2018-02-18 13:15:00,35
206,2018-02-19 14:00:00,38
204,2018-02-20 14:45:00,35
205,2018-02-21 15:30:00,40
206,2018-02-22 16:15:00,44
207,2018-02-23 17:00:00,25
213,2018-02-24 17:45:00,40
210,2018-02-25 18:30:00,23
204,2018-02-26 19:15:00,43
215,2018-02-27 20:00:00,44
204,2018-02-28 20:45:00,41
211,2018-03-01 23:30:00,25
207,2018-03-02 22:15:00,43
210,2018-03-03 23:00:00,25
213,2018-03-04 23:00:00,24
209,2018-03-05 00:10:00,11
207,2018-03-06 00:55:00,30
210,2018-03-07 01:40:00,31
209,2018-03-08 02:25:00,11
205,2018-03-09 03:10:00,40
213,2018-03-10 03:55:00,26
204,2018-03-11 04:40:00,30
212,2018-03-12 05:25:00,43
205,2018-03-13 06:10:00,38
216,2018-03-14 06:55:00,31
206,2018-03-15 07:40:00,45
207,2018-03-16 08:25:00,31
209,2018-03-08 21:22:00,37
211,2018-03-17 09:10:00,25
211,2018-03-18 09:55:00,25
210,2018-03-19 10:40:00,29
215,2018-03-20 11:25:00,26
214,2018-03-21 12:10:00,31
215,2018-03-22 12:55:00,34
205,2018-03-23 13:40:00,32
207,2018-03-24 14:25:00,22
207,2018-03-25 15:10:00,41
210,2018-03-26 15:55:00,32
205,2018-03-27 16:40:00,23
215,2018-03-28 17:25:00,40
204,2018-03-29 18:10:00,32
214,2018-03-30 18:55:00,37
210,2018-03-31 19:40:00,44